hgvs,score,SE,epsilon
_wt,0.0,0.0,0.0
_sy,0.0,0.0,0.0
"c.[100C>A;102T>A]",0.135288718916,3.7757363416e-08,7.13280274045e-16
"c.[100C>A;102T>G]",0.0760114331409,1.37183535178e-08,1.09521072063e-16
c.100_101insAAA,-1.6589689205,7.10735873729e-29,4.42787893294e-56
m.107_115delins(5),-1.91290119749,2.32179550599e-25,3.48505411641e-49
g.100_178del,-1.76394897391,1.9338049011e-108,4.74162264032e-212
