hgvs_nt,hgvs_pro,score,SE,epsilon
_wt,p.=,.0,0.0,0.0
_sy,p.=,0.0,0.0,0.0
"c.[100C>A;102T>A]",,0.135288718916,3.7757363416e-08,7.13280274045e-16
c.100_101insAAA,,-1.6589689205,7.10735873729e-29,4.42787893294e-56
c.107_115delins(5),,-1.91290119749,2.32179550599e-25,3.48505411641e-49
n.100_178del,p.(Lys5Gly),-1.76394897391,1.9338049011e-108,4.74162264032e-212
